"sp","rho","X_1","X_2","X_3","X_4","X_5","X_6","X_7","X_8","X_9","X_10","vlag_1","vlag_2","vlag_3","vlag_4","vlag_5","vlag_6","vlag_7","vlag_8","vlag_9","vlag_10"
1,0.643203156849921,1,2,3,1,NA,NA,NA,NA,NA,NA,1,2,1,2,NA,NA,NA,NA,NA,NA
1,0.643203156849921,1,2,3,1,NA,NA,NA,NA,NA,NA,1,2,1,2,NA,NA,NA,NA,NA,NA
1,0.643203156849921,1,2,1,3,NA,NA,NA,NA,NA,NA,1,2,2,1,NA,NA,NA,NA,NA,NA
1,0.643203156849921,1,2,1,3,NA,NA,NA,NA,NA,NA,1,2,2,1,NA,NA,NA,NA,NA,NA
1,0.643203156849921,1,3,1,2,NA,NA,NA,NA,NA,NA,1,1,2,2,NA,NA,NA,NA,NA,NA
1,0.643203156849921,1,1,3,2,NA,NA,NA,NA,NA,NA,1,2,1,2,NA,NA,NA,NA,NA,NA
1,0.643203156849921,1,3,2,1,NA,NA,NA,NA,NA,NA,1,1,2,2,NA,NA,NA,NA,NA,NA
1,0.643203156849921,1,1,2,3,NA,NA,NA,NA,NA,NA,1,2,2,1,NA,NA,NA,NA,NA,NA
1,0.643203156849921,1,1,2,3,NA,NA,NA,NA,NA,NA,1,2,2,1,NA,NA,NA,NA,NA,NA
1,0.643203156849921,1,3,1,2,NA,NA,NA,NA,NA,NA,1,1,2,2,NA,NA,NA,NA,NA,NA
1,0.643203156849921,1,1,2,3,NA,NA,NA,NA,NA,NA,1,2,2,1,NA,NA,NA,NA,NA,NA
1,0.643203156849921,1,1,3,2,NA,NA,NA,NA,NA,NA,1,2,1,2,NA,NA,NA,NA,NA,NA
1,0.643203156849921,1,3,1,2,NA,NA,NA,NA,NA,NA,1,1,2,2,NA,NA,NA,NA,NA,NA
1,0.643203156849921,1,2,3,1,NA,NA,NA,NA,NA,NA,1,2,1,2,NA,NA,NA,NA,NA,NA
1,0.643203156849921,1,1,3,2,NA,NA,NA,NA,NA,NA,1,2,1,2,NA,NA,NA,NA,NA,NA
1,0.643203156849921,1,2,3,1,NA,NA,NA,NA,NA,NA,1,2,1,2,NA,NA,NA,NA,NA,NA
1,0.643203156849921,1,2,1,3,NA,NA,NA,NA,NA,NA,1,2,2,1,NA,NA,NA,NA,NA,NA
1,0.643203156849921,1,3,1,2,NA,NA,NA,NA,NA,NA,1,1,2,2,NA,NA,NA,NA,NA,NA
1,0.643203156849921,1,3,2,1,NA,NA,NA,NA,NA,NA,1,1,2,2,NA,NA,NA,NA,NA,NA
1,0.643203156849921,1,3,2,1,NA,NA,NA,NA,NA,NA,1,1,2,2,NA,NA,NA,NA,NA,NA
1,0.643203156849921,1,1,3,2,NA,NA,NA,NA,NA,NA,1,2,1,2,NA,NA,NA,NA,NA,NA
1,0.643203156849921,1,2,3,1,NA,NA,NA,NA,NA,NA,1,2,1,2,NA,NA,NA,NA,NA,NA
1,0.643203156849921,1,1,2,3,NA,NA,NA,NA,NA,NA,1,2,2,1,NA,NA,NA,NA,NA,NA
1,0.643203156849921,1,1,2,3,NA,NA,NA,NA,NA,NA,1,2,2,1,NA,NA,NA,NA,NA,NA
1,0.643203156849921,1,2,3,1,NA,NA,NA,NA,NA,NA,1,2,1,2,NA,NA,NA,NA,NA,NA
1,0.643203156849921,1,2,3,1,NA,NA,NA,NA,NA,NA,1,2,1,2,NA,NA,NA,NA,NA,NA
1,0.643203156849921,1,3,1,2,NA,NA,NA,NA,NA,NA,1,1,2,2,NA,NA,NA,NA,NA,NA
1,0.643203156849921,1,1,2,3,NA,NA,NA,NA,NA,NA,1,2,2,1,NA,NA,NA,NA,NA,NA
1,0.643203156849921,1,3,2,1,NA,NA,NA,NA,NA,NA,1,1,2,2,NA,NA,NA,NA,NA,NA
1,0.643203156849921,1,3,2,1,NA,NA,NA,NA,NA,NA,1,1,2,2,NA,NA,NA,NA,NA,NA
1,0.643203156849921,1,2,1,3,NA,NA,NA,NA,NA,NA,1,2,2,1,NA,NA,NA,NA,NA,NA
1,0.643203156849921,1,3,1,2,NA,NA,NA,NA,NA,NA,1,1,2,2,NA,NA,NA,NA,NA,NA
1,0.643203156849921,1,3,1,2,NA,NA,NA,NA,NA,NA,1,1,2,2,NA,NA,NA,NA,NA,NA
1,0.643203156849921,1,1,2,3,NA,NA,NA,NA,NA,NA,1,2,2,1,NA,NA,NA,NA,NA,NA
1,0.643203156849921,1,2,3,1,NA,NA,NA,NA,NA,NA,1,2,1,2,NA,NA,NA,NA,NA,NA
1,0.643203156849921,1,3,2,1,NA,NA,NA,NA,NA,NA,1,1,2,2,NA,NA,NA,NA,NA,NA
1,0.643203156849921,1,2,3,1,NA,NA,NA,NA,NA,NA,1,2,1,2,NA,NA,NA,NA,NA,NA
1,0.643203156849921,1,1,3,2,NA,NA,NA,NA,NA,NA,1,2,1,2,NA,NA,NA,NA,NA,NA
1,0.643203156849921,1,1,3,2,NA,NA,NA,NA,NA,NA,1,2,1,2,NA,NA,NA,NA,NA,NA
1,0.643203156849921,1,1,2,3,NA,NA,NA,NA,NA,NA,1,2,2,1,NA,NA,NA,NA,NA,NA
1,0.643203156849921,1,1,3,2,NA,NA,NA,NA,NA,NA,1,2,1,2,NA,NA,NA,NA,NA,NA
1,0.643203156849921,1,1,3,2,NA,NA,NA,NA,NA,NA,1,2,1,2,NA,NA,NA,NA,NA,NA
1,0.643203156849921,1,2,1,3,NA,NA,NA,NA,NA,NA,1,2,2,1,NA,NA,NA,NA,NA,NA
1,0.643203156849921,1,3,1,2,NA,NA,NA,NA,NA,NA,1,1,2,2,NA,NA,NA,NA,NA,NA
1,0.643203156849921,1,3,1,2,NA,NA,NA,NA,NA,NA,1,1,2,2,NA,NA,NA,NA,NA,NA
1,0.643203156849921,1,3,2,1,NA,NA,NA,NA,NA,NA,1,1,2,2,NA,NA,NA,NA,NA,NA
1,0.643203156849921,1,1,3,2,NA,NA,NA,NA,NA,NA,1,2,1,2,NA,NA,NA,NA,NA,NA
1,0.643203156849921,1,2,1,3,NA,NA,NA,NA,NA,NA,1,2,2,1,NA,NA,NA,NA,NA,NA
1,0.643203156849921,1,2,1,3,NA,NA,NA,NA,NA,NA,1,2,2,1,NA,NA,NA,NA,NA,NA
1,0.643203156849921,1,3,2,1,NA,NA,NA,NA,NA,NA,1,1,2,2,NA,NA,NA,NA,NA,NA
1,0.643203156849921,1,3,1,2,NA,NA,NA,NA,NA,NA,1,1,2,2,NA,NA,NA,NA,NA,NA
1,0.643203156849921,1,2,3,1,NA,NA,NA,NA,NA,NA,1,2,1,2,NA,NA,NA,NA,NA,NA
1,0.643203156849921,1,3,2,1,NA,NA,NA,NA,NA,NA,1,1,2,2,NA,NA,NA,NA,NA,NA
1,0.643203156849921,1,2,3,1,NA,NA,NA,NA,NA,NA,1,2,1,2,NA,NA,NA,NA,NA,NA
1,0.643203156849921,1,2,1,3,NA,NA,NA,NA,NA,NA,1,2,2,1,NA,NA,NA,NA,NA,NA
1,0.643203156849921,1,2,3,1,NA,NA,NA,NA,NA,NA,1,2,1,2,NA,NA,NA,NA,NA,NA
1,0.643203156849921,1,2,1,3,NA,NA,NA,NA,NA,NA,1,2,2,1,NA,NA,NA,NA,NA,NA
1,0.643203156849921,1,3,2,1,NA,NA,NA,NA,NA,NA,1,1,2,2,NA,NA,NA,NA,NA,NA
1,0.643203156849921,1,3,1,2,NA,NA,NA,NA,NA,NA,1,1,2,2,NA,NA,NA,NA,NA,NA
1,0.643203156849921,1,1,3,2,NA,NA,NA,NA,NA,NA,1,2,1,2,NA,NA,NA,NA,NA,NA
1,0.643203156849921,1,3,2,1,NA,NA,NA,NA,NA,NA,1,1,2,2,NA,NA,NA,NA,NA,NA
1,0.643203156849921,1,2,1,3,NA,NA,NA,NA,NA,NA,1,2,2,1,NA,NA,NA,NA,NA,NA
1,0.643203156849921,1,3,1,2,NA,NA,NA,NA,NA,NA,1,1,2,2,NA,NA,NA,NA,NA,NA
1,0.643203156849921,1,2,3,1,NA,NA,NA,NA,NA,NA,1,2,1,2,NA,NA,NA,NA,NA,NA
1,0.643203156849921,1,2,3,1,NA,NA,NA,NA,NA,NA,1,2,1,2,NA,NA,NA,NA,NA,NA
1,0.643203156849921,1,3,1,2,NA,NA,NA,NA,NA,NA,1,1,2,2,NA,NA,NA,NA,NA,NA
1,0.643203156849921,1,3,2,1,NA,NA,NA,NA,NA,NA,1,1,2,2,NA,NA,NA,NA,NA,NA
1,0.643203156849921,1,2,3,1,NA,NA,NA,NA,NA,NA,1,2,1,2,NA,NA,NA,NA,NA,NA
1,0.643203156849921,1,2,3,1,NA,NA,NA,NA,NA,NA,1,2,1,2,NA,NA,NA,NA,NA,NA
1,0.643203156849921,1,2,1,3,NA,NA,NA,NA,NA,NA,1,2,2,1,NA,NA,NA,NA,NA,NA
1,0.643203156849921,1,2,1,3,NA,NA,NA,NA,NA,NA,1,2,2,1,NA,NA,NA,NA,NA,NA
1,0.643203156849921,1,3,2,1,NA,NA,NA,NA,NA,NA,1,1,2,2,NA,NA,NA,NA,NA,NA
1,0.643203156849921,1,2,1,3,NA,NA,NA,NA,NA,NA,1,2,2,1,NA,NA,NA,NA,NA,NA
1,0.643203156849921,1,1,2,3,NA,NA,NA,NA,NA,NA,1,2,2,1,NA,NA,NA,NA,NA,NA
1,0.643203156849921,1,3,2,1,NA,NA,NA,NA,NA,NA,1,1,2,2,NA,NA,NA,NA,NA,NA
1,0.643203156849921,1,3,2,1,NA,NA,NA,NA,NA,NA,1,1,2,2,NA,NA,NA,NA,NA,NA
1,0.643203156849921,1,1,3,2,NA,NA,NA,NA,NA,NA,1,2,1,2,NA,NA,NA,NA,NA,NA
1,0.643203156849921,1,2,1,3,NA,NA,NA,NA,NA,NA,1,2,2,1,NA,NA,NA,NA,NA,NA
1,0.643203156849921,1,1,3,2,NA,NA,NA,NA,NA,NA,1,2,1,2,NA,NA,NA,NA,NA,NA
1,0.643203156849921,1,1,2,3,NA,NA,NA,NA,NA,NA,1,2,2,1,NA,NA,NA,NA,NA,NA
1,0.643203156849921,1,2,1,3,NA,NA,NA,NA,NA,NA,1,2,2,1,NA,NA,NA,NA,NA,NA
1,0.643203156849921,1,3,2,1,NA,NA,NA,NA,NA,NA,1,1,2,2,NA,NA,NA,NA,NA,NA
1,0.643203156849921,1,2,3,1,NA,NA,NA,NA,NA,NA,1,2,1,2,NA,NA,NA,NA,NA,NA
1,0.643203156849921,1,3,1,2,NA,NA,NA,NA,NA,NA,1,1,2,2,NA,NA,NA,NA,NA,NA
1,0.643203156849921,1,3,1,2,NA,NA,NA,NA,NA,NA,1,1,2,2,NA,NA,NA,NA,NA,NA
1,0.643203156849921,1,3,2,1,NA,NA,NA,NA,NA,NA,1,1,2,2,NA,NA,NA,NA,NA,NA
1,0.643203156849921,1,3,2,1,NA,NA,NA,NA,NA,NA,1,1,2,2,NA,NA,NA,NA,NA,NA
1,0.643203156849921,1,1,3,2,NA,NA,NA,NA,NA,NA,1,2,1,2,NA,NA,NA,NA,NA,NA
1,0.643203156849921,1,3,2,1,NA,NA,NA,NA,NA,NA,1,1,2,2,NA,NA,NA,NA,NA,NA
1,0.643203156849921,1,3,2,1,NA,NA,NA,NA,NA,NA,1,1,2,2,NA,NA,NA,NA,NA,NA
1,0.643203156849921,1,1,2,3,NA,NA,NA,NA,NA,NA,1,2,2,1,NA,NA,NA,NA,NA,NA
1,0.643203156849921,1,3,1,2,NA,NA,NA,NA,NA,NA,1,1,2,2,NA,NA,NA,NA,NA,NA
1,0.643203156849921,1,3,2,1,NA,NA,NA,NA,NA,NA,1,1,2,2,NA,NA,NA,NA,NA,NA
1,0.643203156849921,1,3,2,1,NA,NA,NA,NA,NA,NA,1,1,2,2,NA,NA,NA,NA,NA,NA
1,0.643203156849921,1,2,3,1,NA,NA,NA,NA,NA,NA,1,2,1,2,NA,NA,NA,NA,NA,NA
1,0.643203156849921,1,1,2,3,NA,NA,NA,NA,NA,NA,1,2,2,1,NA,NA,NA,NA,NA,NA
1,0.643203156849921,1,1,3,2,NA,NA,NA,NA,NA,NA,1,2,1,2,NA,NA,NA,NA,NA,NA
1,0.643203156849921,1,2,1,3,NA,NA,NA,NA,NA,NA,1,2,2,1,NA,NA,NA,NA,NA,NA
1,0.643203156849921,1,2,1,3,NA,NA,NA,NA,NA,NA,1,2,2,1,NA,NA,NA,NA,NA,NA
1,0.643203156849921,1,3,1,2,NA,NA,NA,NA,NA,NA,1,1,2,2,NA,NA,NA,NA,NA,NA
2,0.683766562258485,2,2,NA,NA,NA,NA,NA,NA,NA,NA,1,2,NA,NA,NA,NA,NA,NA,NA,NA
2,0.683766562258485,2,2,NA,NA,NA,NA,NA,NA,NA,NA,1,2,NA,NA,NA,NA,NA,NA,NA,NA
2,0.683766562258485,2,2,NA,NA,NA,NA,NA,NA,NA,NA,1,2,NA,NA,NA,NA,NA,NA,NA,NA
2,0.683766562258485,2,2,NA,NA,NA,NA,NA,NA,NA,NA,1,2,NA,NA,NA,NA,NA,NA,NA,NA
2,0.683766562258485,2,2,NA,NA,NA,NA,NA,NA,NA,NA,1,2,NA,NA,NA,NA,NA,NA,NA,NA
2,0.683766562258485,2,2,NA,NA,NA,NA,NA,NA,NA,NA,1,2,NA,NA,NA,NA,NA,NA,NA,NA
2,0.683766562258485,2,2,NA,NA,NA,NA,NA,NA,NA,NA,1,2,NA,NA,NA,NA,NA,NA,NA,NA
2,0.683766562258485,2,2,NA,NA,NA,NA,NA,NA,NA,NA,1,2,NA,NA,NA,NA,NA,NA,NA,NA
2,0.683766562258485,2,2,NA,NA,NA,NA,NA,NA,NA,NA,1,2,NA,NA,NA,NA,NA,NA,NA,NA
2,0.683766562258485,2,2,NA,NA,NA,NA,NA,NA,NA,NA,1,2,NA,NA,NA,NA,NA,NA,NA,NA
2,0.683766562258485,2,2,NA,NA,NA,NA,NA,NA,NA,NA,1,2,NA,NA,NA,NA,NA,NA,NA,NA
2,0.683766562258485,2,2,NA,NA,NA,NA,NA,NA,NA,NA,1,2,NA,NA,NA,NA,NA,NA,NA,NA
2,0.683766562258485,2,2,NA,NA,NA,NA,NA,NA,NA,NA,1,2,NA,NA,NA,NA,NA,NA,NA,NA
2,0.683766562258485,2,2,NA,NA,NA,NA,NA,NA,NA,NA,1,2,NA,NA,NA,NA,NA,NA,NA,NA
2,0.683766562258485,2,2,NA,NA,NA,NA,NA,NA,NA,NA,1,2,NA,NA,NA,NA,NA,NA,NA,NA
2,0.683766562258485,2,2,NA,NA,NA,NA,NA,NA,NA,NA,1,2,NA,NA,NA,NA,NA,NA,NA,NA
2,0.683766562258485,2,2,NA,NA,NA,NA,NA,NA,NA,NA,1,2,NA,NA,NA,NA,NA,NA,NA,NA
2,0.683766562258485,2,2,NA,NA,NA,NA,NA,NA,NA,NA,1,2,NA,NA,NA,NA,NA,NA,NA,NA
2,0.683766562258485,2,2,NA,NA,NA,NA,NA,NA,NA,NA,1,2,NA,NA,NA,NA,NA,NA,NA,NA
2,0.683766562258485,2,2,NA,NA,NA,NA,NA,NA,NA,NA,1,2,NA,NA,NA,NA,NA,NA,NA,NA
2,0.683766562258485,2,2,NA,NA,NA,NA,NA,NA,NA,NA,1,2,NA,NA,NA,NA,NA,NA,NA,NA
2,0.683766562258485,2,2,NA,NA,NA,NA,NA,NA,NA,NA,1,2,NA,NA,NA,NA,NA,NA,NA,NA
2,0.683766562258485,2,2,NA,NA,NA,NA,NA,NA,NA,NA,1,2,NA,NA,NA,NA,NA,NA,NA,NA
2,0.683766562258485,2,2,NA,NA,NA,NA,NA,NA,NA,NA,1,2,NA,NA,NA,NA,NA,NA,NA,NA
2,0.683766562258485,2,2,NA,NA,NA,NA,NA,NA,NA,NA,1,2,NA,NA,NA,NA,NA,NA,NA,NA
2,0.683766562258485,2,2,NA,NA,NA,NA,NA,NA,NA,NA,1,2,NA,NA,NA,NA,NA,NA,NA,NA
2,0.683766562258485,2,2,NA,NA,NA,NA,NA,NA,NA,NA,1,2,NA,NA,NA,NA,NA,NA,NA,NA
2,0.683766562258485,2,2,NA,NA,NA,NA,NA,NA,NA,NA,1,2,NA,NA,NA,NA,NA,NA,NA,NA
2,0.683766562258485,2,2,NA,NA,NA,NA,NA,NA,NA,NA,1,2,NA,NA,NA,NA,NA,NA,NA,NA
2,0.683766562258485,2,2,NA,NA,NA,NA,NA,NA,NA,NA,1,2,NA,NA,NA,NA,NA,NA,NA,NA
2,0.683766562258485,2,2,NA,NA,NA,NA,NA,NA,NA,NA,1,2,NA,NA,NA,NA,NA,NA,NA,NA
2,0.683766562258485,2,2,NA,NA,NA,NA,NA,NA,NA,NA,1,2,NA,NA,NA,NA,NA,NA,NA,NA
2,0.683766562258485,2,2,NA,NA,NA,NA,NA,NA,NA,NA,1,2,NA,NA,NA,NA,NA,NA,NA,NA
2,0.683766562258485,2,2,NA,NA,NA,NA,NA,NA,NA,NA,1,2,NA,NA,NA,NA,NA,NA,NA,NA
2,0.683766562258485,2,2,NA,NA,NA,NA,NA,NA,NA,NA,1,2,NA,NA,NA,NA,NA,NA,NA,NA
2,0.683766562258485,2,2,NA,NA,NA,NA,NA,NA,NA,NA,1,2,NA,NA,NA,NA,NA,NA,NA,NA
2,0.683766562258485,2,2,NA,NA,NA,NA,NA,NA,NA,NA,1,2,NA,NA,NA,NA,NA,NA,NA,NA
2,0.683766562258485,2,2,NA,NA,NA,NA,NA,NA,NA,NA,1,2,NA,NA,NA,NA,NA,NA,NA,NA
2,0.683766562258485,2,2,NA,NA,NA,NA,NA,NA,NA,NA,1,2,NA,NA,NA,NA,NA,NA,NA,NA
2,0.683766562258485,2,2,NA,NA,NA,NA,NA,NA,NA,NA,1,2,NA,NA,NA,NA,NA,NA,NA,NA
2,0.683766562258485,2,2,NA,NA,NA,NA,NA,NA,NA,NA,1,2,NA,NA,NA,NA,NA,NA,NA,NA
2,0.683766562258485,2,2,NA,NA,NA,NA,NA,NA,NA,NA,1,2,NA,NA,NA,NA,NA,NA,NA,NA
2,0.683766562258485,2,2,NA,NA,NA,NA,NA,NA,NA,NA,1,2,NA,NA,NA,NA,NA,NA,NA,NA
2,0.683766562258485,2,2,NA,NA,NA,NA,NA,NA,NA,NA,1,2,NA,NA,NA,NA,NA,NA,NA,NA
2,0.683766562258485,2,2,NA,NA,NA,NA,NA,NA,NA,NA,1,2,NA,NA,NA,NA,NA,NA,NA,NA
2,0.683766562258485,2,2,NA,NA,NA,NA,NA,NA,NA,NA,1,2,NA,NA,NA,NA,NA,NA,NA,NA
2,0.683766562258485,2,2,NA,NA,NA,NA,NA,NA,NA,NA,1,2,NA,NA,NA,NA,NA,NA,NA,NA
2,0.683766562258485,2,2,NA,NA,NA,NA,NA,NA,NA,NA,1,2,NA,NA,NA,NA,NA,NA,NA,NA
2,0.683766562258485,2,2,NA,NA,NA,NA,NA,NA,NA,NA,1,2,NA,NA,NA,NA,NA,NA,NA,NA
2,0.683766562258485,2,2,NA,NA,NA,NA,NA,NA,NA,NA,1,2,NA,NA,NA,NA,NA,NA,NA,NA
2,0.683766562258485,2,2,NA,NA,NA,NA,NA,NA,NA,NA,1,2,NA,NA,NA,NA,NA,NA,NA,NA
2,0.683766562258485,2,2,NA,NA,NA,NA,NA,NA,NA,NA,1,2,NA,NA,NA,NA,NA,NA,NA,NA
2,0.683766562258485,2,2,NA,NA,NA,NA,NA,NA,NA,NA,1,2,NA,NA,NA,NA,NA,NA,NA,NA
2,0.683766562258485,2,2,NA,NA,NA,NA,NA,NA,NA,NA,1,2,NA,NA,NA,NA,NA,NA,NA,NA
2,0.683766562258485,2,2,NA,NA,NA,NA,NA,NA,NA,NA,1,2,NA,NA,NA,NA,NA,NA,NA,NA
2,0.683766562258485,2,2,NA,NA,NA,NA,NA,NA,NA,NA,1,2,NA,NA,NA,NA,NA,NA,NA,NA
2,0.683766562258485,2,2,NA,NA,NA,NA,NA,NA,NA,NA,1,2,NA,NA,NA,NA,NA,NA,NA,NA
2,0.683766562258485,2,2,NA,NA,NA,NA,NA,NA,NA,NA,1,2,NA,NA,NA,NA,NA,NA,NA,NA
2,0.683766562258485,2,2,NA,NA,NA,NA,NA,NA,NA,NA,1,2,NA,NA,NA,NA,NA,NA,NA,NA
2,0.683766562258485,2,2,NA,NA,NA,NA,NA,NA,NA,NA,1,2,NA,NA,NA,NA,NA,NA,NA,NA
2,0.683766562258485,2,2,NA,NA,NA,NA,NA,NA,NA,NA,1,2,NA,NA,NA,NA,NA,NA,NA,NA
2,0.683766562258485,2,2,NA,NA,NA,NA,NA,NA,NA,NA,1,2,NA,NA,NA,NA,NA,NA,NA,NA
2,0.683766562258485,2,2,NA,NA,NA,NA,NA,NA,NA,NA,1,2,NA,NA,NA,NA,NA,NA,NA,NA
2,0.683766562258485,2,2,NA,NA,NA,NA,NA,NA,NA,NA,1,2,NA,NA,NA,NA,NA,NA,NA,NA
2,0.683766562258485,2,2,NA,NA,NA,NA,NA,NA,NA,NA,1,2,NA,NA,NA,NA,NA,NA,NA,NA
2,0.683766562258485,2,2,NA,NA,NA,NA,NA,NA,NA,NA,1,2,NA,NA,NA,NA,NA,NA,NA,NA
2,0.683766562258485,2,2,NA,NA,NA,NA,NA,NA,NA,NA,1,2,NA,NA,NA,NA,NA,NA,NA,NA
2,0.683766562258485,2,2,NA,NA,NA,NA,NA,NA,NA,NA,1,2,NA,NA,NA,NA,NA,NA,NA,NA
2,0.683766562258485,2,2,NA,NA,NA,NA,NA,NA,NA,NA,1,2,NA,NA,NA,NA,NA,NA,NA,NA
2,0.683766562258485,2,2,NA,NA,NA,NA,NA,NA,NA,NA,1,2,NA,NA,NA,NA,NA,NA,NA,NA
2,0.683766562258485,2,2,NA,NA,NA,NA,NA,NA,NA,NA,1,2,NA,NA,NA,NA,NA,NA,NA,NA
2,0.683766562258485,2,2,NA,NA,NA,NA,NA,NA,NA,NA,1,2,NA,NA,NA,NA,NA,NA,NA,NA
2,0.683766562258485,2,2,NA,NA,NA,NA,NA,NA,NA,NA,1,2,NA,NA,NA,NA,NA,NA,NA,NA
2,0.683766562258485,2,2,NA,NA,NA,NA,NA,NA,NA,NA,1,2,NA,NA,NA,NA,NA,NA,NA,NA
2,0.683766562258485,2,2,NA,NA,NA,NA,NA,NA,NA,NA,1,2,NA,NA,NA,NA,NA,NA,NA,NA
2,0.683766562258485,2,2,NA,NA,NA,NA,NA,NA,NA,NA,1,2,NA,NA,NA,NA,NA,NA,NA,NA
2,0.683766562258485,2,2,NA,NA,NA,NA,NA,NA,NA,NA,1,2,NA,NA,NA,NA,NA,NA,NA,NA
2,0.683766562258485,2,2,NA,NA,NA,NA,NA,NA,NA,NA,1,2,NA,NA,NA,NA,NA,NA,NA,NA
2,0.683766562258485,2,2,NA,NA,NA,NA,NA,NA,NA,NA,1,2,NA,NA,NA,NA,NA,NA,NA,NA
2,0.683766562258485,2,2,NA,NA,NA,NA,NA,NA,NA,NA,1,2,NA,NA,NA,NA,NA,NA,NA,NA
2,0.683766562258485,2,2,NA,NA,NA,NA,NA,NA,NA,NA,1,2,NA,NA,NA,NA,NA,NA,NA,NA
2,0.683766562258485,2,2,NA,NA,NA,NA,NA,NA,NA,NA,1,2,NA,NA,NA,NA,NA,NA,NA,NA
2,0.683766562258485,2,2,NA,NA,NA,NA,NA,NA,NA,NA,1,2,NA,NA,NA,NA,NA,NA,NA,NA
2,0.683766562258485,2,2,NA,NA,NA,NA,NA,NA,NA,NA,1,2,NA,NA,NA,NA,NA,NA,NA,NA
2,0.683766562258485,2,2,NA,NA,NA,NA,NA,NA,NA,NA,1,2,NA,NA,NA,NA,NA,NA,NA,NA
2,0.683766562258485,2,2,NA,NA,NA,NA,NA,NA,NA,NA,1,2,NA,NA,NA,NA,NA,NA,NA,NA
2,0.683766562258485,2,2,NA,NA,NA,NA,NA,NA,NA,NA,1,2,NA,NA,NA,NA,NA,NA,NA,NA
2,0.683766562258485,2,2,NA,NA,NA,NA,NA,NA,NA,NA,1,2,NA,NA,NA,NA,NA,NA,NA,NA
2,0.683766562258485,2,2,NA,NA,NA,NA,NA,NA,NA,NA,1,2,NA,NA,NA,NA,NA,NA,NA,NA
2,0.683766562258485,2,2,NA,NA,NA,NA,NA,NA,NA,NA,1,2,NA,NA,NA,NA,NA,NA,NA,NA
2,0.683766562258485,2,2,NA,NA,NA,NA,NA,NA,NA,NA,1,2,NA,NA,NA,NA,NA,NA,NA,NA
2,0.683766562258485,2,2,NA,NA,NA,NA,NA,NA,NA,NA,1,2,NA,NA,NA,NA,NA,NA,NA,NA
2,0.683766562258485,2,2,NA,NA,NA,NA,NA,NA,NA,NA,1,2,NA,NA,NA,NA,NA,NA,NA,NA
2,0.683766562258485,2,2,NA,NA,NA,NA,NA,NA,NA,NA,1,2,NA,NA,NA,NA,NA,NA,NA,NA
2,0.683766562258485,2,2,NA,NA,NA,NA,NA,NA,NA,NA,1,2,NA,NA,NA,NA,NA,NA,NA,NA
2,0.683766562258485,2,2,NA,NA,NA,NA,NA,NA,NA,NA,1,2,NA,NA,NA,NA,NA,NA,NA,NA
2,0.683766562258485,2,2,NA,NA,NA,NA,NA,NA,NA,NA,1,2,NA,NA,NA,NA,NA,NA,NA,NA
2,0.683766562258485,2,2,NA,NA,NA,NA,NA,NA,NA,NA,1,2,NA,NA,NA,NA,NA,NA,NA,NA
2,0.683766562258485,2,2,NA,NA,NA,NA,NA,NA,NA,NA,1,2,NA,NA,NA,NA,NA,NA,NA,NA
2,0.683766562258485,2,2,NA,NA,NA,NA,NA,NA,NA,NA,1,2,NA,NA,NA,NA,NA,NA,NA,NA
3,0.788656695908792,3,2,5,6,3,1,NA,NA,NA,NA,1,1,2,3,3,2,NA,NA,NA,NA
3,0.783387379200971,3,2,1,4,2,1,NA,NA,NA,NA,1,3,1,3,1,2,NA,NA,NA,NA
3,0.783387379200971,3,2,2,1,4,1,NA,NA,NA,NA,1,1,3,1,3,2,NA,NA,NA,NA
3,0.778846764715847,3,1,1,4,2,4,NA,NA,NA,NA,1,2,1,3,1,1,NA,NA,NA,NA
3,0.778846764715846,3,4,2,4,1,1,NA,NA,NA,NA,1,3,1,1,1,2,NA,NA,NA,NA
3,0.774186776700792,3,1,4,2,1,3,NA,NA,NA,NA,1,1,3,1,2,2,NA,NA,NA,NA
3,0.774186776700792,3,3,4,2,1,1,NA,NA,NA,NA,1,2,3,1,1,2,NA,NA,NA,NA
3,0.762253805548847,3,2,1,2,1,4,NA,NA,NA,NA,1,1,2,3,3,3,NA,NA,NA,NA
3,0.762165531366829,3,1,1,2,3,1,NA,NA,NA,NA,1,1,3,1,2,2,NA,NA,NA,NA
3,0.762165531366829,3,1,1,2,1,3,NA,NA,NA,NA,1,2,3,1,1,2,NA,NA,NA,NA
3,0.762165531366829,3,3,1,1,2,1,NA,NA,NA,NA,1,2,2,1,1,3,NA,NA,NA,NA
3,0.756146174869718,3,6,1,5,2,3,NA,NA,NA,NA,1,1,2,1,1,3,NA,NA,NA,NA
3,0.75609254650741,3,3,6,2,1,3,NA,NA,NA,NA,1,3,3,1,2,2,NA,NA,NA,NA
3,0.753874500999586,3,2,2,3,4,1,NA,NA,NA,NA,1,3,1,2,3,2,NA,NA,NA,NA
3,0.753874500999586,3,1,2,3,4,2,NA,NA,NA,NA,1,2,1,2,3,3,NA,NA,NA,NA
3,0.753874500999586,3,2,3,2,1,4,NA,NA,NA,NA,1,3,2,1,2,3,NA,NA,NA,NA
3,0.753726588127183,3,1,2,2,1,1,NA,NA,NA,NA,1,2,1,2,1,3,NA,NA,NA,NA
3,0.753726588127183,3,1,1,2,2,1,NA,NA,NA,NA,1,1,3,1,2,2,NA,NA,NA,NA
3,0.752745909284869,3,2,6,1,1,2,NA,NA,NA,NA,1,3,1,1,2,1,NA,NA,NA,NA
3,0.752745909284869,3,6,1,2,2,1,NA,NA,NA,NA,1,1,2,1,3,1,NA,NA,NA,NA
3,0.752745909284869,3,2,1,6,2,1,NA,NA,NA,NA,1,1,1,1,3,2,NA,NA,NA,NA
3,0.75106984359153,3,2,5,1,4,1,NA,NA,NA,NA,1,1,2,2,3,1,NA,NA,NA,NA
3,0.75106984359153,3,4,1,2,1,5,NA,NA,NA,NA,1,3,2,1,1,2,NA,NA,NA,NA
3,0.75106984359153,3,2,1,5,4,1,NA,NA,NA,NA,1,1,1,2,3,2,NA,NA,NA,NA
3,0.75022276337038,3,2,2,1,1,5,NA,NA,NA,NA,1,2,1,2,3,1,NA,NA,NA,NA
3,0.75022276337038,3,2,1,5,1,2,NA,NA,NA,NA,1,2,3,1,2,1,NA,NA,NA,NA
3,0.748457616415904,3,2,1,1,2,1,NA,NA,NA,NA,1,3,2,1,1,3,NA,NA,NA,NA
3,0.745648523261097,3,1,3,2,3,1,NA,NA,NA,NA,1,3,2,1,3,2,NA,NA,NA,NA
3,0.744698727838472,3,1,2,6,3,5,NA,NA,NA,NA,1,2,1,3,3,1,NA,NA,NA,NA
3,0.74433664288611,3,2,6,1,3,1,NA,NA,NA,NA,1,1,1,1,2,2,NA,NA,NA,NA
3,0.743959251452888,3,1,2,1,1,4,NA,NA,NA,NA,1,1,1,2,3,3,NA,NA,NA,NA
3,0.743959251452888,3,1,2,1,1,4,NA,NA,NA,NA,1,1,1,3,2,3,NA,NA,NA,NA
3,0.743959251452888,3,1,4,1,2,1,NA,NA,NA,NA,1,2,3,1,1,3,NA,NA,NA,NA
3,0.74149607093189,3,1,3,4,2,1,NA,NA,NA,NA,1,2,2,3,1,3,NA,NA,NA,NA
3,0.740767481230684,3,2,1,4,3,6,NA,NA,NA,NA,1,1,2,1,2,1,NA,NA,NA,NA
3,0.740767481230684,3,6,1,3,4,2,NA,NA,NA,NA,1,1,2,2,1,1,NA,NA,NA,NA
3,0.739373553663364,3,2,1,1,3,2,NA,NA,NA,NA,1,3,2,1,2,1,NA,NA,NA,NA
3,0.739180976786416,3,4,1,3,4,2,NA,NA,NA,NA,1,3,2,2,1,1,NA,NA,NA,NA
3,0.737873757657151,3,2,5,1,1,2,NA,NA,NA,NA,1,1,3,1,2,3,NA,NA,NA,NA
3,0.737381413562181,3,1,4,1,2,2,NA,NA,NA,NA,1,3,3,2,2,1,NA,NA,NA,NA
3,0.737381413562181,3,1,4,1,2,2,NA,NA,NA,NA,1,3,3,2,1,2,NA,NA,NA,NA
3,0.737381413562181,3,2,2,4,1,1,NA,NA,NA,NA,1,2,1,3,3,2,NA,NA,NA,NA
3,0.737253941297339,3,5,2,1,4,1,NA,NA,NA,NA,1,3,1,1,3,2,NA,NA,NA,NA
3,0.737253941297339,3,4,2,5,1,1,NA,NA,NA,NA,1,3,1,3,1,2,NA,NA,NA,NA
3,0.737119069298772,3,1,6,1,2,3,NA,NA,NA,NA,1,2,3,1,1,3,NA,NA,NA,NA
3,0.736513134166804,3,1,5,2,2,2,NA,NA,NA,NA,1,3,1,1,3,2,NA,NA,NA,NA
3,0.736513134166804,3,1,5,2,2,2,NA,NA,NA,NA,1,3,1,3,1,2,NA,NA,NA,NA
3,0.736513134166804,3,2,5,2,1,2,NA,NA,NA,NA,1,1,1,3,3,2,NA,NA,NA,NA
3,0.736513134166804,3,5,2,1,2,2,NA,NA,NA,NA,1,1,3,3,1,2,NA,NA,NA,NA
3,0.736513134166804,3,2,5,2,2,1,NA,NA,NA,NA,1,3,1,1,2,3,NA,NA,NA,NA
3,0.736513134166804,3,2,5,2,2,1,NA,NA,NA,NA,1,1,1,2,3,3,NA,NA,NA,NA
3,0.736513134166804,3,5,1,2,2,2,NA,NA,NA,NA,1,1,3,3,2,1,NA,NA,NA,NA
3,0.73572648386658,3,1,6,2,3,5,NA,NA,NA,NA,1,2,3,1,3,3,NA,NA,NA,NA
3,0.73572648386658,3,5,1,3,2,6,NA,NA,NA,NA,1,3,2,3,1,3,NA,NA,NA,NA
3,0.73572648386658,3,6,5,2,3,1,NA,NA,NA,NA,1,3,3,1,3,2,NA,NA,NA,NA
3,0.73572648386658,3,2,1,3,5,6,NA,NA,NA,NA,1,1,2,3,3,3,NA,NA,NA,NA
3,0.73572648386658,3,1,2,3,6,5,NA,NA,NA,NA,1,2,1,3,3,3,NA,NA,NA,NA
3,0.73572648386658,3,6,1,3,5,2,NA,NA,NA,NA,1,3,2,3,3,1,NA,NA,NA,NA
3,0.734595817560274,3,1,1,2,2,2,NA,NA,NA,NA,1,1,3,3,2,1,NA,NA,NA,NA
3,0.733593971160212,3,6,1,3,2,1,NA,NA,NA,NA,1,1,3,3,1,2,NA,NA,NA,NA
3,0.733593971160212,3,2,1,6,1,3,NA,NA,NA,NA,1,1,3,1,2,3,NA,NA,NA,NA
3,0.73353668658286,3,1,5,6,1,2,NA,NA,NA,NA,1,1,1,1,2,1,NA,NA,NA,NA
3,0.733205602757633,3,2,2,1,3,1,NA,NA,NA,NA,1,1,2,2,2,3,NA,NA,NA,NA
3,0.733205602757633,3,2,3,1,1,2,NA,NA,NA,NA,1,1,2,2,3,2,NA,NA,NA,NA
3,0.733123791661563,3,2,1,2,2,1,NA,NA,NA,NA,1,3,2,2,1,1,NA,NA,NA,NA
3,0.732759054456253,3,1,1,1,3,2,NA,NA,NA,NA,1,2,3,1,3,1,NA,NA,NA,NA
3,0.73263653026735,3,2,1,1,2,6,NA,NA,NA,NA,1,3,2,1,1,3,NA,NA,NA,NA
3,0.73263653026735,3,1,2,2,6,1,NA,NA,NA,NA,1,2,1,3,3,1,NA,NA,NA,NA
3,0.731078005605981,3,3,6,2,1,1,NA,NA,NA,NA,1,2,2,1,2,1,NA,NA,NA,NA
3,0.730727296235844,3,1,3,2,6,5,NA,NA,NA,NA,1,2,3,1,2,2,NA,NA,NA,NA
3,0.730727296235844,3,5,6,3,2,1,NA,NA,NA,NA,1,2,2,3,1,2,NA,NA,NA,NA
3,0.730554110043253,3,5,2,1,1,3,NA,NA,NA,NA,1,1,1,2,3,3,NA,NA,NA,NA
3,0.728831365211904,3,5,1,1,1,2,NA,NA,NA,NA,1,3,1,3,2,1,NA,NA,NA,NA
3,0.728831365211904,3,1,2,1,5,1,NA,NA,NA,NA,1,2,1,3,3,1,NA,NA,NA,NA
3,0.728831365211904,3,2,1,5,1,1,NA,NA,NA,NA,1,1,2,3,3,1,NA,NA,NA,NA
3,0.728424408336307,3,3,6,1,2,3,NA,NA,NA,NA,1,2,1,2,1,3,NA,NA,NA,NA
3,0.727703992794643,3,1,2,6,2,1,NA,NA,NA,NA,1,2,1,1,2,3,NA,NA,NA,NA
3,0.727471601692605,3,1,3,2,5,1,NA,NA,NA,NA,1,2,2,1,1,1,NA,NA,NA,NA
3,0.726982475355103,3,4,1,2,4,1,NA,NA,NA,NA,1,3,2,1,2,3,NA,NA,NA,NA
3,0.72658670447416,3,2,1,4,1,1,NA,NA,NA,NA,1,1,2,2,1,3,NA,NA,NA,NA
3,0.72658670447416,3,4,1,2,1,1,NA,NA,NA,NA,1,2,2,1,1,3,NA,NA,NA,NA
3,0.72658670447416,3,1,1,1,4,2,NA,NA,NA,NA,1,3,1,2,2,1,NA,NA,NA,NA
3,0.725889415812358,3,1,2,1,6,3,NA,NA,NA,NA,1,1,1,2,3,2,NA,NA,NA,NA
3,0.725889415812358,3,1,1,6,2,3,NA,NA,NA,NA,1,1,2,3,1,2,NA,NA,NA,NA
3,0.725229198464715,3,4,2,6,1,1,NA,NA,NA,NA,1,3,1,1,1,2,NA,NA,NA,NA
3,0.725229198464715,3,2,1,1,6,4,NA,NA,NA,NA,1,1,2,1,1,3,NA,NA,NA,NA
3,0.725229198464715,3,1,6,4,1,2,NA,NA,NA,NA,1,1,1,3,2,1,NA,NA,NA,NA
3,0.725229198464714,3,4,2,1,1,6,NA,NA,NA,NA,1,3,1,1,2,1,NA,NA,NA,NA
3,0.725229198464714,3,2,1,6,1,4,NA,NA,NA,NA,1,1,1,1,2,3,NA,NA,NA,NA
3,0.725146960915605,3,2,4,1,2,5,NA,NA,NA,NA,1,2,3,1,1,3,NA,NA,NA,NA
3,0.725117989586695,3,2,1,2,3,5,NA,NA,NA,NA,1,3,2,1,3,3,NA,NA,NA,NA
3,0.725117989586695,3,2,1,5,2,3,NA,NA,NA,NA,1,3,2,3,1,3,NA,NA,NA,NA
3,0.725117989586695,3,1,2,3,5,2,NA,NA,NA,NA,1,2,1,3,3,3,NA,NA,NA,NA
3,0.725117989586695,3,1,3,2,2,5,NA,NA,NA,NA,1,2,3,3,1,3,NA,NA,NA,NA
3,0.725117989586695,3,1,5,2,3,2,NA,NA,NA,NA,1,2,3,1,3,3,NA,NA,NA,NA
3,0.724193435250214,3,3,5,1,4,2,NA,NA,NA,NA,1,3,2,3,3,1,NA,NA,NA,NA
3,0.723925772278905,3,1,3,4,2,1,NA,NA,NA,NA,1,3,3,3,1,2,NA,NA,NA,NA
3,0.723925772278905,3,1,2,1,4,3,NA,NA,NA,NA,1,2,1,3,3,3,NA,NA,NA,NA
3,0.723684682804332,3,2,3,5,1,4,NA,NA,NA,NA,1,1,3,1,3,3,NA,NA,NA,NA
3,0.723684682804332,3,2,3,5,1,4,NA,NA,NA,NA,1,1,3,1,3,3,NA,NA,NA,NA
4,0.66810736910506,4,3,3,4,1,3,NA,NA,NA,NA,1,1,3,2,1,2,NA,NA,NA,NA
4,0.66810736910506,4,1,3,3,3,4,NA,NA,NA,NA,1,1,2,3,1,2,NA,NA,NA,NA
4,0.66810736910506,4,3,4,3,3,1,NA,NA,NA,NA,1,3,2,2,1,1,NA,NA,NA,NA
4,0.66810736910506,4,3,4,3,3,1,NA,NA,NA,NA,1,2,2,3,1,1,NA,NA,NA,NA
4,0.66810736910506,4,3,4,1,3,3,NA,NA,NA,NA,1,1,2,1,3,2,NA,NA,NA,NA
4,0.66810736910506,4,3,1,3,4,3,NA,NA,NA,NA,1,3,1,1,2,2,NA,NA,NA,NA
4,0.660530048188863,4,4,3,3,1,5,NA,NA,NA,NA,1,2,3,1,1,2,NA,NA,NA,NA
4,0.660530048188863,4,4,5,1,3,3,NA,NA,NA,NA,1,2,2,1,3,1,NA,NA,NA,NA
4,0.660530048188863,4,5,3,1,4,3,NA,NA,NA,NA,1,2,1,1,2,3,NA,NA,NA,NA
4,0.660530048188863,4,3,3,5,1,4,NA,NA,NA,NA,1,1,3,2,1,2,NA,NA,NA,NA
4,0.660530048188863,4,3,1,4,3,5,NA,NA,NA,NA,1,3,1,2,1,2,NA,NA,NA,NA
4,0.660530048188863,4,5,3,1,3,4,NA,NA,NA,NA,1,2,1,1,3,2,NA,NA,NA,NA
4,0.660530048188863,4,5,1,3,3,4,NA,NA,NA,NA,1,2,1,3,1,2,NA,NA,NA,NA
4,0.641224229222383,4,3,1,3,3,6,NA,NA,NA,NA,1,2,1,3,1,1,NA,NA,NA,NA
4,0.641224229222383,4,1,3,3,6,3,NA,NA,NA,NA,1,1,2,3,1,1,NA,NA,NA,NA
4,0.641224229222383,4,1,3,3,3,6,NA,NA,NA,NA,1,1,1,2,3,1,NA,NA,NA,NA
4,0.641224229222383,4,3,1,3,6,3,NA,NA,NA,NA,1,3,1,1,1,2,NA,NA,NA,NA
4,0.641224229222383,4,3,3,1,3,6,NA,NA,NA,NA,1,3,1,1,2,1,NA,NA,NA,NA
4,0.641224229222383,4,3,3,1,6,3,NA,NA,NA,NA,1,1,2,1,1,3,NA,NA,NA,NA
4,0.641224229222383,4,3,6,3,3,1,NA,NA,NA,NA,1,2,1,3,1,1,NA,NA,NA,NA
4,0.641224229222383,4,6,3,1,3,3,NA,NA,NA,NA,1,1,2,1,3,1,NA,NA,NA,NA
4,0.639427736454968,4,4,1,3,3,3,NA,NA,NA,NA,1,1,1,3,2,1,NA,NA,NA,NA
4,0.639427736454968,4,3,3,3,4,1,NA,NA,NA,NA,1,3,1,2,1,1,NA,NA,NA,NA
4,0.639427736454968,4,4,3,3,3,1,NA,NA,NA,NA,1,1,2,3,1,1,NA,NA,NA,NA
4,0.639427736454968,4,3,3,4,1,3,NA,NA,NA,NA,1,3,1,1,1,2,NA,NA,NA,NA
4,0.639427736454968,4,1,3,4,3,3,NA,NA,NA,NA,1,1,1,1,2,3,NA,NA,NA,NA
4,0.639427736454968,4,3,3,3,1,4,NA,NA,NA,NA,1,1,2,3,1,1,NA,NA,NA,NA
4,0.639427736454968,4,3,1,3,3,4,NA,NA,NA,NA,1,3,1,2,1,1,NA,NA,NA,NA
4,0.630180808944905,4,3,3,1,4,1,NA,NA,NA,NA,1,3,1,1,3,2,NA,NA,NA,NA
4,0.630180808944905,4,3,1,3,1,4,NA,NA,NA,NA,1,3,2,1,1,3,NA,NA,NA,NA
4,0.630180808944905,4,3,1,3,1,4,NA,NA,NA,NA,1,3,1,1,2,3,NA,NA,NA,NA
4,0.630180808944905,4,3,1,3,1,4,NA,NA,NA,NA,1,3,1,1,2,3,NA,NA,NA,NA
4,0.628370162552312,4,3,1,3,6,1,NA,NA,NA,NA,1,3,3,1,1,1,NA,NA,NA,NA
4,0.628370162552312,4,6,1,3,3,1,NA,NA,NA,NA,1,1,1,3,1,3,NA,NA,NA,NA
4,0.628370162552312,4,1,6,3,3,1,NA,NA,NA,NA,1,1,1,1,3,3,NA,NA,NA,NA
4,0.625546908524162,4,3,1,5,3,4,NA,NA,NA,NA,1,3,1,2,1,3,NA,NA,NA,NA
4,0.625546908524161,4,1,4,3,5,3,NA,NA,NA,NA,1,1,3,1,2,3,NA,NA,NA,NA
4,0.625546908524161,4,5,3,3,4,1,NA,NA,NA,NA,1,2,3,1,3,1,NA,NA,NA,NA
4,0.625546908524161,4,3,5,1,4,3,NA,NA,NA,NA,1,1,2,1,3,3,NA,NA,NA,NA
4,0.625546908524161,4,4,3,1,3,5,NA,NA,NA,NA,1,3,3,1,1,2,NA,NA,NA,NA
4,0.621704819741885,4,5,3,3,1,3,NA,NA,NA,NA,1,3,2,1,1,3,NA,NA,NA,NA
4,0.621704819741885,4,3,3,1,5,3,NA,NA,NA,NA,1,1,3,1,3,2,NA,NA,NA,NA
4,0.621704819741885,4,1,3,3,5,3,NA,NA,NA,NA,1,1,1,2,3,3,NA,NA,NA,NA
4,0.621704819741885,4,5,3,1,3,3,NA,NA,NA,NA,1,3,2,1,1,3,NA,NA,NA,NA
4,0.616506060117587,4,1,5,1,3,3,NA,NA,NA,NA,1,1,3,3,3,1,NA,NA,NA,NA
4,0.614851359794585,4,5,6,3,4,3,NA,NA,NA,NA,1,2,1,1,3,2,NA,NA,NA,NA
4,0.614851359794585,4,5,3,6,3,4,NA,NA,NA,NA,1,2,1,1,2,3,NA,NA,NA,NA
4,0.614851359794585,4,3,5,6,3,4,NA,NA,NA,NA,1,1,2,1,2,3,NA,NA,NA,NA
4,0.614851359794585,4,6,4,3,3,5,NA,NA,NA,NA,1,1,3,1,2,2,NA,NA,NA,NA
4,0.613992923836942,4,4,3,5,1,3,NA,NA,NA,NA,1,2,1,3,1,3,NA,NA,NA,NA
4,0.613992923836942,4,5,4,3,1,3,NA,NA,NA,NA,1,3,2,1,1,3,NA,NA,NA,NA
4,0.613992923836942,4,5,1,4,3,3,NA,NA,NA,NA,1,3,1,2,3,1,NA,NA,NA,NA
4,0.613128222541524,4,3,3,1,3,5,NA,NA,NA,NA,1,3,2,1,1,2,NA,NA,NA,NA
4,0.613128222541524,4,5,3,1,3,3,NA,NA,NA,NA,1,2,3,1,2,1,NA,NA,NA,NA
4,0.612484238849178,4,1,4,3,3,4,NA,NA,NA,NA,1,1,1,1,3,2,NA,NA,NA,NA
4,0.612484238849178,4,4,4,1,3,3,NA,NA,NA,NA,1,2,1,1,1,3,NA,NA,NA,NA
4,0.612484238849178,4,1,4,4,3,3,NA,NA,NA,NA,1,1,2,1,1,3,NA,NA,NA,NA
4,0.612484238849178,4,3,1,4,4,3,NA,NA,NA,NA,1,3,1,2,1,1,NA,NA,NA,NA
4,0.612484238849178,4,4,4,3,3,1,NA,NA,NA,NA,1,1,2,3,1,1,NA,NA,NA,NA
4,0.612484238849178,4,1,4,4,3,3,NA,NA,NA,NA,1,1,2,1,3,1,NA,NA,NA,NA
4,0.612484238849178,4,4,3,1,3,4,NA,NA,NA,NA,1,2,1,1,3,1,NA,NA,NA,NA
4,0.610200320190194,4,3,1,3,1,4,NA,NA,NA,NA,1,3,1,1,2,2,NA,NA,NA,NA
4,0.610200320190194,4,3,1,4,1,3,NA,NA,NA,NA,1,1,2,2,1,3,NA,NA,NA,NA
4,0.610200320190194,4,1,3,3,1,4,NA,NA,NA,NA,1,1,3,1,2,2,NA,NA,NA,NA
4,0.610200320190194,4,1,3,4,3,1,NA,NA,NA,NA,1,2,1,2,3,1,NA,NA,NA,NA
4,0.610200320190194,4,1,1,3,4,3,NA,NA,NA,NA,1,1,2,1,2,3,NA,NA,NA,NA
4,0.610200320190194,4,3,1,1,3,4,NA,NA,NA,NA,1,3,2,1,1,2,NA,NA,NA,NA
4,0.608286822517617,4,1,6,3,3,1,NA,NA,NA,NA,1,3,1,1,2,1,NA,NA,NA,NA
4,0.608286822517617,4,3,6,1,1,3,NA,NA,NA,NA,1,1,1,3,1,2,NA,NA,NA,NA
4,0.605525526882002,4,3,3,1,5,1,NA,NA,NA,NA,1,1,3,2,2,1,NA,NA,NA,NA
4,0.605525526882002,4,1,3,1,3,5,NA,NA,NA,NA,1,2,1,1,3,2,NA,NA,NA,NA
4,0.605525526882002,4,3,1,5,3,1,NA,NA,NA,NA,1,1,1,2,3,2,NA,NA,NA,NA
4,0.605525526882002,4,5,3,1,3,1,NA,NA,NA,NA,1,2,3,1,1,2,NA,NA,NA,NA
4,0.605525526882002,4,3,3,5,1,1,NA,NA,NA,NA,1,3,1,2,2,1,NA,NA,NA,NA
4,0.604946937210547,4,1,3,4,5,4,NA,NA,NA,NA,1,2,1,3,2,2,NA,NA,NA,NA
4,0.604946937210547,4,1,3,4,5,4,NA,NA,NA,NA,1,2,1,2,2,3,NA,NA,NA,NA
4,0.604946937210547,4,3,4,1,5,4,NA,NA,NA,NA,1,1,2,2,2,3,NA,NA,NA,NA
4,0.604946937210547,4,1,4,3,4,5,NA,NA,NA,NA,1,2,3,1,2,2,NA,NA,NA,NA
4,0.604946937210547,4,3,4,1,5,4,NA,NA,NA,NA,1,1,3,2,2,2,NA,NA,NA,NA
4,0.604946937210547,4,3,4,5,4,1,NA,NA,NA,NA,1,1,2,2,3,2,NA,NA,NA,NA
4,0.60407655510376,4,1,3,6,3,3,NA,NA,NA,NA,1,1,2,2,1,3,NA,NA,NA,NA
4,0.60407655510376,4,3,6,1,3,3,NA,NA,NA,NA,1,3,2,1,1,2,NA,NA,NA,NA
4,0.60407655510376,4,1,3,3,3,6,NA,NA,NA,NA,1,1,1,2,3,2,NA,NA,NA,NA
4,0.60407655510376,4,1,3,3,6,3,NA,NA,NA,NA,1,1,2,3,2,1,NA,NA,NA,NA
4,0.60407655510376,4,6,1,3,3,3,NA,NA,NA,NA,1,2,1,1,3,2,NA,NA,NA,NA
4,0.603822864386768,4,4,3,6,3,3,NA,NA,NA,NA,1,2,1,1,3,2,NA,NA,NA,NA
4,0.603822864386768,4,4,3,6,3,3,NA,NA,NA,NA,1,2,2,1,3,1,NA,NA,NA,NA
4,0.603822864386768,4,6,3,3,4,3,NA,NA,NA,NA,1,1,3,2,2,1,NA,NA,NA,NA
4,0.603822864386768,4,6,3,3,3,4,NA,NA,NA,NA,1,1,2,1,3,2,NA,NA,NA,NA
4,0.603234425532835,4,5,4,5,4,3,NA,NA,NA,NA,1,3,3,2,2,1,NA,NA,NA,NA
4,0.603234425532835,4,5,4,5,4,3,NA,NA,NA,NA,1,3,2,2,3,1,NA,NA,NA,NA
4,0.603234425532835,4,5,4,4,5,3,NA,NA,NA,NA,1,3,3,2,2,1,NA,NA,NA,NA
4,0.603234425532835,4,5,3,5,4,4,NA,NA,NA,NA,1,2,1,3,2,3,NA,NA,NA,NA
4,0.603234425532835,4,5,5,3,4,4,NA,NA,NA,NA,1,2,3,1,2,3,NA,NA,NA,NA
4,0.603234425532835,4,5,4,3,5,4,NA,NA,NA,NA,1,2,3,1,3,2,NA,NA,NA,NA
4,0.603234425532835,4,4,5,4,5,3,NA,NA,NA,NA,1,2,3,3,2,1,NA,NA,NA,NA
4,0.603234425532835,4,4,3,5,5,4,NA,NA,NA,NA,1,3,1,3,2,2,NA,NA,NA,NA
4,0.603234425532835,4,3,5,5,4,4,NA,NA,NA,NA,1,1,3,2,2,3,NA,NA,NA,NA
4,0.601183207351949,4,3,6,1,1,3,NA,NA,NA,NA,1,3,2,3,1,1,NA,NA,NA,NA
4,0.601183207351949,4,1,3,1,6,3,NA,NA,NA,NA,1,3,3,1,2,1,NA,NA,NA,NA
5,0.743628621875234,5,3,3,1,4,1,NA,NA,NA,NA,1,1,3,1,1,3,NA,NA,NA,NA
5,0.743628621875233,5,3,1,1,4,3,NA,NA,NA,NA,1,1,1,3,1,3,NA,NA,NA,NA
5,0.726288025785829,5,1,3,4,1,4,NA,NA,NA,NA,1,1,1,1,3,2,NA,NA,NA,NA
5,0.724232148275725,5,4,3,1,3,4,NA,NA,NA,NA,1,2,2,3,3,1,NA,NA,NA,NA
5,0.724232148275725,5,4,3,1,4,3,NA,NA,NA,NA,1,2,3,3,1,2,NA,NA,NA,NA
5,0.724232148275725,5,3,4,4,3,1,NA,NA,NA,NA,1,2,1,2,3,3,NA,NA,NA,NA
5,0.724232148275725,5,4,3,1,3,4,NA,NA,NA,NA,1,2,2,3,3,1,NA,NA,NA,NA
5,0.724232148275725,5,3,4,4,3,1,NA,NA,NA,NA,1,3,2,1,2,3,NA,NA,NA,NA
5,0.719162396595527,5,3,1,4,4,2,NA,NA,NA,NA,1,1,1,1,2,2,NA,NA,NA,NA
5,0.719162396595527,5,1,2,4,4,3,NA,NA,NA,NA,1,1,2,2,1,1,NA,NA,NA,NA
5,0.716759359316682,5,1,4,3,4,3,NA,NA,NA,NA,1,3,1,2,2,1,NA,NA,NA,NA
5,0.714948916341261,5,4,3,4,3,2,NA,NA,NA,NA,1,2,2,1,3,2,NA,NA,NA,NA
5,0.714948916341261,5,2,4,3,4,3,NA,NA,NA,NA,1,2,2,2,1,3,NA,NA,NA,NA
5,0.714760886792593,5,3,6,1,3,4,NA,NA,NA,NA,1,1,1,3,3,1,NA,NA,NA,NA
5,0.711715771731626,5,4,3,6,3,4,NA,NA,NA,NA,1,2,2,1,3,1,NA,NA,NA,NA
5,0.711715771731626,5,4,4,3,3,6,NA,NA,NA,NA,1,2,1,3,2,1,NA,NA,NA,NA
5,0.711715771731626,5,4,4,3,6,3,NA,NA,NA,NA,1,1,2,3,1,2,NA,NA,NA,NA
5,0.711715771731626,5,4,3,4,6,3,NA,NA,NA,NA,1,1,3,2,1,2,NA,NA,NA,NA
5,0.711131564629202,5,4,3,1,2,1,NA,NA,NA,NA,1,1,3,3,2,1,NA,NA,NA,NA
5,0.711131564629202,5,1,1,3,4,2,NA,NA,NA,NA,1,3,1,3,1,2,NA,NA,NA,NA
5,0.711131564629202,5,3,1,2,1,4,NA,NA,NA,NA,1,3,1,2,3,1,NA,NA,NA,NA
5,0.710167808724922,5,3,4,2,4,1,NA,NA,NA,NA,1,1,1,2,2,3,NA,NA,NA,NA
5,0.710167808724922,5,4,4,1,2,3,NA,NA,NA,NA,1,1,2,3,2,1,NA,NA,NA,NA
5,0.709348552878711,5,4,3,3,3,2,NA,NA,NA,NA,1,1,2,3,1,2,NA,NA,NA,NA
5,0.709348552878711,5,3,3,4,3,2,NA,NA,NA,NA,1,3,2,1,1,2,NA,NA,NA,NA
5,0.70934855287871,5,4,3,3,2,3,NA,NA,NA,NA,1,1,1,3,2,2,NA,NA,NA,NA
5,0.707535877675871,5,4,6,3,3,3,NA,NA,NA,NA,1,1,2,2,1,3,NA,NA,NA,NA
5,0.707535877675871,5,3,3,3,4,6,NA,NA,NA,NA,1,2,3,1,1,2,NA,NA,NA,NA
5,0.703223733841273,5,4,1,3,2,3,NA,NA,NA,NA,1,1,3,1,1,3,NA,NA,NA,NA
5,0.701210470081917,5,4,3,6,1,4,NA,NA,NA,NA,1,1,3,2,2,2,NA,NA,NA,NA
5,0.701210470081917,5,3,4,4,1,6,NA,NA,NA,NA,1,3,2,1,2,2,NA,NA,NA,NA
5,0.701210470081917,5,4,4,6,3,1,NA,NA,NA,NA,1,2,1,2,3,2,NA,NA,NA,NA
5,0.700428094671567,5,1,2,4,4,3,NA,NA,NA,NA,1,1,1,1,2,3,NA,NA,NA,NA
5,0.69653668973436,5,4,2,3,1,3,NA,NA,NA,NA,1,1,3,1,3,3,NA,NA,NA,NA
5,0.695326906288459,5,6,1,2,4,3,NA,NA,NA,NA,1,1,3,2,1,3,NA,NA,NA,NA
5,0.695326906288458,5,1,4,6,3,2,NA,NA,NA,NA,1,3,1,1,3,2,NA,NA,NA,NA
5,0.694663374160914,5,3,4,2,3,4,NA,NA,NA,NA,1,1,1,1,3,2,NA,NA,NA,NA
5,0.694663374160914,5,4,4,2,3,3,NA,NA,NA,NA,1,2,1,1,1,3,NA,NA,NA,NA
5,0.693138800972841,5,1,3,6,1,4,NA,NA,NA,NA,1,3,1,1,1,1,NA,NA,NA,NA
5,0.693138800972841,5,4,1,3,6,1,NA,NA,NA,NA,1,1,3,1,1,1,NA,NA,NA,NA
5,0.69313880097284,5,4,3,1,1,6,NA,NA,NA,NA,1,1,1,3,1,1,NA,NA,NA,NA
5,0.693101759254761,5,3,3,4,3,4,NA,NA,NA,NA,1,2,1,1,3,2,NA,NA,NA,NA
5,0.693101759254761,5,3,3,4,4,3,NA,NA,NA,NA,1,1,3,1,2,2,NA,NA,NA,NA
5,0.69310175925476,5,4,3,3,3,4,NA,NA,NA,NA,1,2,3,2,1,1,NA,NA,NA,NA
5,0.692725802505906,5,4,3,3,4,1,NA,NA,NA,NA,1,1,3,1,2,3,NA,NA,NA,NA
5,0.692725802505906,5,1,3,4,4,3,NA,NA,NA,NA,1,3,3,1,2,1,NA,NA,NA,NA
5,0.690501623385495,5,4,1,3,3,5,NA,NA,NA,NA,1,1,3,3,1,3,NA,NA,NA,NA
5,0.690501623385495,5,4,3,3,5,1,NA,NA,NA,NA,1,1,3,1,3,3,NA,NA,NA,NA
5,0.690287361803495,5,3,3,6,3,4,NA,NA,NA,NA,1,2,3,1,1,1,NA,NA,NA,NA
5,0.690287361803495,5,6,4,3,3,3,NA,NA,NA,NA,1,1,1,2,3,1,NA,NA,NA,NA
5,0.690022745204999,5,1,2,4,6,4,NA,NA,NA,NA,1,1,2,2,2,1,NA,NA,NA,NA
5,0.689105825656275,5,3,4,6,2,4,NA,NA,NA,NA,1,3,1,1,2,2,NA,NA,NA,NA
5,0.689105825656275,5,4,4,3,6,2,NA,NA,NA,NA,1,1,2,3,1,2,NA,NA,NA,NA
5,0.688948883752503,5,1,6,2,4,4,NA,NA,NA,NA,1,1,1,2,1,2,NA,NA,NA,NA
5,0.687412424115818,5,3,1,6,4,4,NA,NA,NA,NA,1,3,3,1,1,2,NA,NA,NA,NA
5,0.687412424115818,5,4,3,6,1,4,NA,NA,NA,NA,1,1,3,1,3,2,NA,NA,NA,NA
5,0.687412424115817,5,4,3,1,4,6,NA,NA,NA,NA,1,2,3,3,1,1,NA,NA,NA,NA
5,0.685997159856576,5,3,3,2,4,1,NA,NA,NA,NA,1,3,2,2,1,3,NA,NA,NA,NA
5,0.685997159856576,5,4,3,2,1,3,NA,NA,NA,NA,1,1,2,2,3,3,NA,NA,NA,NA
5,0.685997159856576,5,1,2,3,4,3,NA,NA,NA,NA,1,3,2,2,1,3,NA,NA,NA,NA
5,0.685146121452874,5,6,4,2,3,3,NA,NA,NA,NA,1,1,1,2,1,3,NA,NA,NA,NA
5,0.685146121452874,5,6,3,3,4,2,NA,NA,NA,NA,1,1,1,3,1,2,NA,NA,NA,NA
5,0.683437646583723,5,3,6,2,1,4,NA,NA,NA,NA,1,1,1,2,3,1,NA,NA,NA,NA
5,0.681058704757737,5,4,6,1,4,1,NA,NA,NA,NA,1,2,1,3,1,1,NA,NA,NA,NA
5,0.679550470918475,5,6,1,6,4,3,NA,NA,NA,NA,1,3,3,2,1,3,NA,NA,NA,NA
5,0.679550470918475,5,1,6,3,4,6,NA,NA,NA,NA,1,3,2,3,1,3,NA,NA,NA,NA
5,0.679550470918474,5,3,1,6,6,4,NA,NA,NA,NA,1,3,3,3,2,1,NA,NA,NA,NA
5,0.677400802249897,5,1,4,1,5,3,NA,NA,NA,NA,1,3,1,1,2,1,NA,NA,NA,NA
5,0.677400802249897,5,1,4,5,1,3,NA,NA,NA,NA,1,3,1,2,1,1,NA,NA,NA,NA
5,0.677400802249896,5,1,3,4,5,1,NA,NA,NA,NA,1,1,1,1,2,3,NA,NA,NA,NA
5,0.677400802249896,5,1,5,4,3,1,NA,NA,NA,NA,1,1,2,1,1,3,NA,NA,NA,NA
5,0.677400802249896,5,5,1,3,4,1,NA,NA,NA,NA,1,2,1,1,1,3,NA,NA,NA,NA
5,0.677225838405522,5,4,6,2,4,3,NA,NA,NA,NA,1,2,1,2,1,2,NA,NA,NA,NA
5,0.677225838405522,5,4,2,3,4,6,NA,NA,NA,NA,1,1,2,2,2,1,NA,NA,NA,NA
5,0.677225838405522,5,2,4,4,3,6,NA,NA,NA,NA,1,2,1,2,2,1,NA,NA,NA,NA
5,0.676625400853588,5,4,1,4,3,5,NA,NA,NA,NA,1,1,3,3,1,2,NA,NA,NA,NA
5,0.67584034213035,5,3,4,4,3,1,NA,NA,NA,NA,1,1,2,1,2,1,NA,NA,NA,NA
5,0.67584034213035,5,4,1,3,4,3,NA,NA,NA,NA,1,2,1,1,1,2,NA,NA,NA,NA
5,0.67584034213035,5,4,3,3,1,4,NA,NA,NA,NA,1,1,2,1,1,2,NA,NA,NA,NA
5,0.67584034213035,5,4,4,1,3,3,NA,NA,NA,NA,1,2,1,1,1,2,NA,NA,NA,NA
5,0.675785150299692,5,4,2,4,3,6,NA,NA,NA,NA,1,1,2,2,2,2,NA,NA,NA,NA
5,0.675413083084027,5,1,4,3,1,5,NA,NA,NA,NA,1,3,1,1,1,3,NA,NA,NA,NA
5,0.674108070580215,5,1,4,3,3,2,NA,NA,NA,NA,1,1,1,3,1,2,NA,NA,NA,NA
5,0.673754480419789,5,3,4,1,3,6,NA,NA,NA,NA,1,1,1,3,3,3,NA,NA,NA,NA
5,0.672502688667778,5,6,3,4,4,2,NA,NA,NA,NA,1,2,3,2,1,1,NA,NA,NA,NA
5,0.67122031887437,5,4,1,3,3,6,NA,NA,NA,NA,1,1,3,1,3,2,NA,NA,NA,NA
5,0.671220318874369,5,3,6,4,1,3,NA,NA,NA,NA,1,1,2,1,3,3,NA,NA,NA,NA
5,0.671152901312928,5,4,3,3,4,5,NA,NA,NA,NA,1,2,3,1,1,3,NA,NA,NA,NA
5,0.671152901312928,5,5,3,4,4,3,NA,NA,NA,NA,1,3,1,2,1,3,NA,NA,NA,NA
5,0.671031651755226,5,3,2,4,2,3,NA,NA,NA,NA,1,3,2,1,1,1,NA,NA,NA,NA
5,0.671031651755226,5,3,2,3,2,4,NA,NA,NA,NA,1,3,1,1,2,1,NA,NA,NA,NA
5,0.670389631642117,5,6,2,4,1,3,NA,NA,NA,NA,1,2,2,1,1,1,NA,NA,NA,NA
5,0.670389631642117,5,6,4,3,1,2,NA,NA,NA,NA,1,2,1,1,1,2,NA,NA,NA,NA
5,0.670307230228276,5,1,4,3,4,1,NA,NA,NA,NA,1,1,1,3,2,2,NA,NA,NA,NA
5,0.669723037791122,5,1,1,3,3,4,NA,NA,NA,NA,1,3,1,2,3,1,NA,NA,NA,NA
5,0.669620476931931,5,1,3,4,6,4,NA,NA,NA,NA,1,1,1,2,2,1,NA,NA,NA,NA
5,0.66958229844612,5,3,1,2,4,4,NA,NA,NA,NA,1,1,1,1,2,1,NA,NA,NA,NA
5,0.66953456073913,5,6,3,3,4,4,NA,NA,NA,NA,1,2,2,3,2,1,NA,NA,NA,NA
5,0.66953456073913,5,4,4,3,6,3,NA,NA,NA,NA,1,2,1,3,2,2,NA,NA,NA,NA
5,0.66953456073913,5,4,4,3,3,6,NA,NA,NA,NA,1,2,1,2,3,2,NA,NA,NA,NA
6,0.761521113928487,6,4,2,5,5,3,NA,NA,NA,NA,1,2,1,1,2,1,NA,NA,NA,NA
6,0.761521113928487,6,2,5,5,3,4,NA,NA,NA,NA,1,1,1,2,1,2,NA,NA,NA,NA
6,0.7541362302675,6,5,5,2,3,5,NA,NA,NA,NA,1,1,3,1,1,2,NA,NA,NA,NA
6,0.7541362302675,6,5,3,2,5,5,NA,NA,NA,NA,1,3,1,1,2,1,NA,NA,NA,NA
6,0.7541362302675,6,2,5,5,3,5,NA,NA,NA,NA,1,1,3,1,1,2,NA,NA,NA,NA
6,0.7541362302675,6,3,5,2,5,5,NA,NA,NA,NA,1,1,3,1,2,1,NA,NA,NA,NA
6,0.7541362302675,6,2,5,5,3,5,NA,NA,NA,NA,1,1,1,2,1,3,NA,NA,NA,NA
6,0.752172211009811,6,2,5,2,1,3,NA,NA,NA,NA,1,1,1,2,2,1,NA,NA,NA,NA
6,0.751755366896566,6,5,4,5,3,2,NA,NA,NA,NA,1,3,3,1,1,1,NA,NA,NA,NA
6,0.751755366896566,6,5,5,3,4,2,NA,NA,NA,NA,1,3,1,1,3,1,NA,NA,NA,NA
6,0.751755366896566,6,3,5,2,4,5,NA,NA,NA,NA,1,1,1,1,3,3,NA,NA,NA,NA
6,0.751755366896566,6,3,4,2,5,5,NA,NA,NA,NA,1,1,3,1,3,1,NA,NA,NA,NA
6,0.747664138426333,6,5,3,5,3,4,NA,NA,NA,NA,1,1,2,2,1,2,NA,NA,NA,NA
6,0.747664138426333,6,5,3,4,3,5,NA,NA,NA,NA,1,2,2,2,1,1,NA,NA,NA,NA
6,0.747664138426333,6,4,5,5,3,3,NA,NA,NA,NA,1,2,1,2,1,2,NA,NA,NA,NA
6,0.744051049900906,6,3,5,2,5,4,NA,NA,NA,NA,1,2,2,1,1,2,NA,NA,NA,NA
6,0.743971586898238,6,5,6,1,3,1,NA,NA,NA,NA,1,1,3,3,1,2,NA,NA,NA,NA
6,0.743971586898238,6,1,6,5,3,1,NA,NA,NA,NA,1,2,3,1,1,3,NA,NA,NA,NA
6,0.741637310066854,6,3,5,5,2,2,NA,NA,NA,NA,1,1,1,2,1,2,NA,NA,NA,NA
6,0.741637310066854,6,5,5,3,2,2,NA,NA,NA,NA,1,1,2,1,1,2,NA,NA,NA,NA
6,0.741511214517189,6,5,4,5,3,5,NA,NA,NA,NA,1,2,2,1,1,3,NA,NA,NA,NA
6,0.741511214517189,6,5,3,5,5,4,NA,NA,NA,NA,1,2,1,3,1,2,NA,NA,NA,NA
6,0.740968849671843,6,6,4,2,5,5,NA,NA,NA,NA,1,2,2,1,1,2,NA,NA,NA,NA
6,0.740968849671843,6,4,5,5,2,6,NA,NA,NA,NA,1,2,2,1,1,2,NA,NA,NA,NA
6,0.740968849671843,6,4,2,5,5,6,NA,NA,NA,NA,1,2,1,1,2,2,NA,NA,NA,NA
6,0.740968849671843,6,5,6,4,5,2,NA,NA,NA,NA,1,2,2,2,1,1,NA,NA,NA,NA
6,0.740604841733327,6,6,5,2,3,1,NA,NA,NA,NA,1,2,1,1,1,2,NA,NA,NA,NA
6,0.738786583530756,6,5,5,4,3,1,NA,NA,NA,NA,1,1,2,2,2,2,NA,NA,NA,NA
6,0.738786583530756,6,4,3,1,5,5,NA,NA,NA,NA,1,2,2,2,1,2,NA,NA,NA,NA
6,0.738786583530756,6,5,1,4,5,3,NA,NA,NA,NA,1,2,2,2,1,2,NA,NA,NA,NA
6,0.738786583530756,6,5,1,4,3,5,NA,NA,NA,NA,1,2,2,2,2,1,NA,NA,NA,NA
6,0.738786583530756,6,1,4,5,3,5,NA,NA,NA,NA,1,2,2,2,2,1,NA,NA,NA,NA
6,0.738786583530756,6,5,4,1,3,5,NA,NA,NA,NA,1,2,2,2,2,1,NA,NA,NA,NA
6,0.738395318616988,6,4,1,3,5,1,NA,NA,NA,NA,1,3,2,1,1,3,NA,NA,NA,NA
6,0.738395318616988,6,3,4,5,1,1,NA,NA,NA,NA,1,1,3,1,3,2,NA,NA,NA,NA
6,0.737043199986777,6,5,2,3,2,6,NA,NA,NA,NA,1,1,2,1,1,3,NA,NA,NA,NA
6,0.737043199986777,6,6,2,2,3,5,NA,NA,NA,NA,1,3,2,1,1,1,NA,NA,NA,NA
6,0.737043199986777,6,5,6,2,2,3,NA,NA,NA,NA,1,1,3,2,1,1,NA,NA,NA,NA
6,0.737043199986777,6,6,2,5,2,3,NA,NA,NA,NA,1,3,1,1,2,1,NA,NA,NA,NA
6,0.734497338295435,6,5,5,3,1,2,NA,NA,NA,NA,1,1,2,1,2,2,NA,NA,NA,NA
6,0.734497338295435,6,3,2,1,5,5,NA,NA,NA,NA,1,1,2,2,1,2,NA,NA,NA,NA
6,0.734239249916416,6,5,3,2,5,1,NA,NA,NA,NA,1,1,2,1,2,2,NA,NA,NA,NA
6,0.734239249916416,6,5,1,3,5,2,NA,NA,NA,NA,1,1,2,2,2,1,NA,NA,NA,NA
6,0.734091842810008,6,2,4,1,3,5,NA,NA,NA,NA,1,2,3,2,1,1,NA,NA,NA,NA
6,0.734091842810008,6,5,4,3,2,1,NA,NA,NA,NA,1,1,3,1,2,2,NA,NA,NA,NA
6,0.733298809609793,6,5,3,5,3,1,NA,NA,NA,NA,1,1,2,2,1,2,NA,NA,NA,NA
6,0.733298809609793,6,1,3,5,5,3,NA,NA,NA,NA,1,2,1,2,1,2,NA,NA,NA,NA
6,0.732660360078105,6,5,4,5,2,2,NA,NA,NA,NA,1,2,2,1,1,2,NA,NA,NA,NA
6,0.732496321897635,6,5,1,3,2,5,NA,NA,NA,NA,1,1,2,1,1,2,NA,NA,NA,NA
6,0.732205488250616,6,2,4,3,5,2,NA,NA,NA,NA,1,1,2,1,1,2,NA,NA,NA,NA
6,0.732097455525522,6,4,5,1,4,5,NA,NA,NA,NA,1,1,1,2,2,2,NA,NA,NA,NA
6,0.732097455525522,6,4,5,5,4,1,NA,NA,NA,NA,1,2,2,1,1,2,NA,NA,NA,NA
6,0.731970549098445,6,2,6,5,1,3,NA,NA,NA,NA,1,2,3,1,2,1,NA,NA,NA,NA
6,0.731094119913576,6,6,2,5,5,2,NA,NA,NA,NA,1,2,2,1,2,1,NA,NA,NA,NA
6,0.731094119913576,6,5,2,5,6,2,NA,NA,NA,NA,1,1,1,2,2,2,NA,NA,NA,NA
6,0.730069144777453,6,2,3,5,5,5,NA,NA,NA,NA,1,2,1,1,3,2,NA,NA,NA,NA
6,0.729957088069167,6,6,1,3,5,5,NA,NA,NA,NA,1,2,2,1,1,3,NA,NA,NA,NA
6,0.729957088069167,6,1,6,3,5,5,NA,NA,NA,NA,1,2,2,1,1,3,NA,NA,NA,NA
6,0.729957088069167,6,5,6,5,3,1,NA,NA,NA,NA,1,1,2,3,1,2,NA,NA,NA,NA
6,0.72972521028528,6,5,1,5,2,5,NA,NA,NA,NA,1,2,3,3,2,1,NA,NA,NA,NA
6,0.72908476166431,6,1,6,1,3,5,NA,NA,NA,NA,1,3,2,2,1,1,NA,NA,NA,NA
6,0.72908476166431,6,1,5,3,6,1,NA,NA,NA,NA,1,2,1,1,2,3,NA,NA,NA,NA
6,0.727520020971181,6,5,5,1,4,2,NA,NA,NA,NA,1,1,3,2,3,2,NA,NA,NA,NA
6,0.727520020971181,6,1,5,4,2,5,NA,NA,NA,NA,1,2,1,3,2,3,NA,NA,NA,NA
6,0.726513831295022,6,2,5,5,4,5,NA,NA,NA,NA,1,1,2,3,2,1,NA,NA,NA,NA
6,0.726496556198726,6,5,5,2,1,6,NA,NA,NA,NA,1,1,2,1,1,2,NA,NA,NA,NA
6,0.725894259475214,6,5,1,2,1,3,NA,NA,NA,NA,1,1,2,2,3,1,NA,NA,NA,NA
6,0.72458855155286,6,2,6,1,5,1,NA,NA,NA,NA,1,2,3,2,1,3,NA,NA,NA,NA
6,0.72458855155286,6,1,1,6,5,2,NA,NA,NA,NA,1,3,2,3,1,2,NA,NA,NA,NA
6,0.72458855155286,6,5,6,1,1,2,NA,NA,NA,NA,1,1,3,3,2,2,NA,NA,NA,NA
6,0.724587019293138,6,6,5,3,2,2,NA,NA,NA,NA,1,2,1,2,2,1,NA,NA,NA,NA
6,0.724587019293138,6,2,2,6,3,5,NA,NA,NA,NA,1,2,1,2,2,1,NA,NA,NA,NA
6,0.724587019293138,6,6,2,5,2,3,NA,NA,NA,NA,1,2,1,1,2,2,NA,NA,NA,NA
6,0.72441763196582,6,5,4,1,5,3,NA,NA,NA,NA,1,1,3,2,3,1,NA,NA,NA,NA
6,0.72441763196582,6,5,3,1,4,5,NA,NA,NA,NA,1,1,1,2,3,3,NA,NA,NA,NA
6,0.723741086765518,6,2,5,4,5,3,NA,NA,NA,NA,1,2,2,2,1,2,NA,NA,NA,NA
6,0.723741086765518,6,5,4,2,3,5,NA,NA,NA,NA,1,1,2,2,2,2,NA,NA,NA,NA
6,0.723741086765517,6,4,2,3,5,5,NA,NA,NA,NA,1,2,2,2,2,1,NA,NA,NA,NA
6,0.72354638401712,6,5,5,4,1,2,NA,NA,NA,NA,1,1,2,2,2,2,NA,NA,NA,NA
6,0.723068701972445,6,1,1,5,5,6,NA,NA,NA,NA,1,2,3,2,1,3,NA,NA,NA,NA
6,0.723068701972445,6,1,6,5,1,5,NA,NA,NA,NA,1,3,3,2,2,1,NA,NA,NA,NA
6,0.723068701972445,6,1,5,6,1,5,NA,NA,NA,NA,1,2,2,3,3,1,NA,NA,NA,NA
6,0.723068701972445,6,5,5,6,1,1,NA,NA,NA,NA,1,2,1,3,2,3,NA,NA,NA,NA
6,0.722349376031492,6,6,5,3,1,1,NA,NA,NA,NA,1,2,1,1,2,1,NA,NA,NA,NA
6,0.720055482666164,6,5,6,1,2,3,NA,NA,NA,NA,1,1,3,2,2,2,NA,NA,NA,NA
6,0.720055482666164,6,3,2,6,5,1,NA,NA,NA,NA,1,2,2,3,1,2,NA,NA,NA,NA
6,0.720055482666164,6,1,5,2,6,3,NA,NA,NA,NA,1,2,1,2,3,2,NA,NA,NA,NA
6,0.719585129405739,6,4,1,5,2,4,NA,NA,NA,NA,1,2,1,1,2,1,NA,NA,NA,NA
6,0.719585129405739,6,4,5,1,2,4,NA,NA,NA,NA,1,1,1,1,2,2,NA,NA,NA,NA
6,0.719183175579294,6,2,3,1,6,5,NA,NA,NA,NA,1,1,2,2,2,1,NA,NA,NA,NA
6,0.718836575369957,6,5,3,2,2,1,NA,NA,NA,NA,1,1,1,1,3,3,NA,NA,NA,NA
6,0.718836575369957,6,5,3,2,1,2,NA,NA,NA,NA,1,1,1,3,3,1,NA,NA,NA,NA
6,0.718603499021226,6,5,4,3,2,3,NA,NA,NA,NA,1,1,2,2,1,1,NA,NA,NA,NA
6,0.718603499021226,6,3,3,5,4,2,NA,NA,NA,NA,1,2,1,1,2,1,NA,NA,NA,NA
6,0.718231171198876,6,5,2,2,5,4,NA,NA,NA,NA,1,1,3,1,2,1,NA,NA,NA,NA
6,0.718231171198876,6,4,2,2,5,5,NA,NA,NA,NA,1,1,1,3,2,1,NA,NA,NA,NA
6,0.718041486782707,6,6,2,3,5,1,NA,NA,NA,NA,1,3,1,1,1,2,NA,NA,NA,NA
6,0.717950876268605,6,3,3,5,5,2,NA,NA,NA,NA,1,2,1,1,2,2,NA,NA,NA,NA
6,0.717950876268605,6,5,3,3,2,5,NA,NA,NA,NA,1,2,2,1,2,1,NA,NA,NA,NA
6,0.717950876268604,6,5,2,5,3,3,NA,NA,NA,NA,1,2,2,1,2,1,NA,NA,NA,NA
